id,dni,nombre,edad,genero,partido,partido_jne_id,cargo,estado,jurisdiccion,region,foto_url,perfil_url,educacion,trayectoria,afiliaciones,contratos_estado,empresas,derechos_mineros,propiedades,deudas,sanciones,experiencia_laboral
31,09177250,RICARDO PABLO BELMONT CASSINELLI,81,Masculino,PARTIDO CIVICO OBRAS,2941,ALCALDE PROVINCIAL,INSCRITO,LIMA,LIMA,https://mpesije.jne.gob.pe/apidocs/78647f15-d5d1-4ed6-8ac6-d599e83eeea3.jpg,https://www.revisatucandidato.pe/candidatos/ricardo-pablo-belmont-cassinelli-09177250,0,7,2,0,1,0,0,0,0,0
53,16121633,ELIZABETH MARIA DEL ROSARIO LEON CHINCHAY,60,Femenino,PARTIDO FRENTE DE LA ESPERANZA 2021,2857,ALCALDE PROVINCIAL,INSCRITO,LIMA,LIMA,https://mpesije.jne.gob.pe/apidocs/46b7acd1-7b84-46d3-a810-f7b46b881bf2.jpg,https://www.revisatucandidato.pe/candidatos/elizabeth-maria-del-rosario-leon-chinchay-16121633,0,1,3,17,1,0,0,0,0,0
466,19811609,RUBEN JOSE RAMIREZ MATEO,61,Masculino,PARTIDO POLITICO NACIONAL PERU LIBRE,2218,ALCALDE PROVINCIAL,RENUNCIA,LIMA,LIMA,https://mpesije.jne.gob.pe/apidocs/eb2d883f-6725-4875-994b-3d27620a2c1e.jpg,https://www.revisatucandidato.pe/candidatos/ruben-jose-ramirez-mateo-19811609,0,3,1,0,0,0,0,0,0,0
1088,41685160,ELIO FERNANDO RIERA GARRO,43,Masculino,ALIANZA PARA EL PROGRESO,1257,ALCALDE PROVINCIAL,ADMITIDO,LIMA,LIMA,https://mpesije.jne.gob.pe/apidocs/0a92ca98-15bb-4702-954d-6babf1713598.jpg,https://www.revisatucandidato.pe/candidatos/elio-fernando-riera-garro-41685160,0,0,0,0,1,0,0,5,1,0
5395,09342181,LUIS MIGUEL LLANOS CARRILLO,54,Masculino,PROGRESEMOS,2967,ALCALDE PROVINCIAL,INSCRITO,LIMA,LIMA,https://mpesije.jne.gob.pe/apidocs/4f628848-95b4-4d15-b9d0-0820247b9b8b.jpg,https://www.revisatucandidato.pe/candidatos/luis-miguel-llanos-carrillo-09342181,0,1,5,0,0,0,0,0,0,0
6356,15355636,MONICA YADIRA YAYA LUYO,57,Femenino,PARTIDO APRISTA PERUANO,2930,ALCALDE PROVINCIAL,INSCRITO,LIMA,LIMA,https://mpesije.jne.gob.pe/apidocs/ed148753-f3d2-4c5e-978f-b0c6ee836929.jpg,https://www.revisatucandidato.pe/candidatos/monica-yadira-yaya-luyo-15355636,0,1,1,2,1,0,0,0,0,0
7056,16448148,YEHUDE SIMON MUNARO,79,Masculino,COALICION TRANSFORMADORA TIERRA VERDE,2982,ALCALDE PROVINCIAL,INSCRITO,LIMA,LIMA,https://mpesije.jne.gob.pe/apidocs/dc44ffbe-6e02-4d38-acb3-4fde43d0bea7.jpg,https://www.revisatucandidato.pe/candidatos/yehude-simon-munaro-16448148,0,9,1,0,0,0,0,0,0,0
8169,25692000,VICTORIA BETZABE LA CRUZ GARCES,64,Femenino,PARTIDO MORADO,2840,ALCALDE PROVINCIAL,INSCRITO,LIMA,LIMA,https://mpesije.jne.gob.pe/apidocs/0bb4c4b7-1877-468c-83ba-009bc8f46754.jpg,https://www.revisatucandidato.pe/candidatos/victoria-betzabe-la-cruz-garces-25692000,0,2,3,0,0,0,0,0,0,0
31369,07792290,CARLOS ALBERTO TEJADA NORIEGA,69,Masculino,ACCION POPULAR,4,ALCALDE PROVINCIAL,INSCRITO,LIMA,LIMA,https://mpesije.jne.gob.pe/apidocs/5070a58e-49a6-4afa-9e3a-dfb6b44e290b.jpg,https://www.revisatucandidato.pe/candidatos/carlos-alberto-tejada-noriega-07792290,5,3,0,4,0,0,4,0,0,3
31370,08185259,SUSEL ANA MARIA PAREDES PIQUE,63,Femenino,AHORA NACION - AN,2980,ALCALDE PROVINCIAL,INSCRITO,LIMA,LIMA,https://mpesije.jne.gob.pe/apidocs/cd3cec33-9036-4e0e-b821-a24947d1dd39.jpg,https://www.revisatucandidato.pe/candidatos/susel-ana-maria-paredes-pique-08185259,2,4,5,1,0,0,8,0,0,5
31371,41193801,JUAN CARLOS ALVARADO MESTANZA,44,Masculino,ALIANZA ELECTORAL VENCEREMOS,3028,ALCALDE PROVINCIAL,INSCRITO,LIMA,LIMA,https://mpesije.jne.gob.pe/apidocs/917f790d-96c9-40c5-b4f7-049aa8337110.jpg,https://www.revisatucandidato.pe/candidatos/juan-carlos-alvarado-mestanza-41193801,4,0,0,0,0,0,4,0,0,5
31372,07752979,FRANCIS JAMES ALLISON OYAGUE,56,Masculino,AVANZA PAIS - PARTIDO DE INTEGRACION SOCIAL,2173,ALCALDE PROVINCIAL,ADMITIDO,LIMA,LIMA,https://mpesije.jne.gob.pe/apidocs/b19fabc3-da2e-4ec8-af1e-835205bc6f9c.jpg,https://www.revisatucandidato.pe/candidatos/francis-james-allison-oyague-07752979,4,6,0,0,1,0,12,0,1,3
31373,70902673,SAMIR FRANK QUISPE CABALLERO,35,Masculino,BATALLA PERU,2984,ALCALDE PROVINCIAL,ADMITIDO,LIMA,LIMA,https://mpesije.jne.gob.pe/apidocs/c8bd3705-faa4-42e2-86fe-4b6fb3d0f7df.jpg,https://www.revisatucandidato.pe/candidatos/samir-frank-quispe-caballero-70902673,1,1,0,0,0,0,0,0,0,1
31374,41319661,SEGUNDO VALDEZ ZAVALA,45,Masculino,FRENTE POPULAR AGRICOLA FIA DEL PERU,2901,ALCALDE PROVINCIAL,INSCRITO,LIMA,LIMA,https://mpesije.jne.gob.pe/apidocs/92c5801f-81f0-431a-9d73-7d95dea5f217.jpg,https://www.revisatucandidato.pe/candidatos/segundo-valdez-zavala-41319661,3,1,0,0,0,0,2,2,0,3
31375,10307918,RUBEN DANIEL BONILLA ESPINOZA,64,Masculino,FUERZA CIUDADANA,3009,ALCALDE PROVINCIAL,INSCRITO,LIMA,LIMA,https://mpesije.jne.gob.pe/apidocs/d0f0a118-af4a-4743-b34d-b3ff72ad633c.jpg,https://www.revisatucandidato.pe/candidatos/ruben-daniel-bonilla-espinoza-10307918,1,0,0,7,1,0,5,0,0,1
31376,10186626,SAMUEL MARCOS DAZA TAYPE,53,Masculino,FUERZA POPULAR,1366,ALCALDE PROVINCIAL,INSCRITO,LIMA,LIMA,https://mpesije.jne.gob.pe/apidocs/79957981-9229-4beb-98cc-50165ea69ccd.jpg,https://www.revisatucandidato.pe/candidatos/samuel-marcos-daza-taype-10186626,2,3,0,19,3,0,8,0,1,4
31377,07683328,OSWALDO HERNAN VARGAS CUELLAR,59,Masculino,JUNTOS POR EL PERU,1264,ALCALDE PROVINCIAL,INSCRITO,LIMA,LIMA,https://mpesije.jne.gob.pe/apidocs/f8ca844e-1eba-493e-9044-631429c0d8fb.jpg,https://www.revisatucandidato.pe/candidatos/oswaldo-hernan-vargas-cuellar-07683328,5,4,0,1,1,0,3,0,0,5
31378,07933944,CARLOS FRANCISCO GALLARDO NEYRA,63,Masculino,PARTIDO DEL BUEN GOBIERNO,2961,ALCALDE PROVINCIAL,INSCRITO,LIMA,LIMA,https://mpesije.jne.gob.pe/apidocs/ffb40b43-bc21-41e9-9f1e-5992db031342.jpg,https://www.revisatucandidato.pe/candidatos/carlos-francisco-gallardo-neyra-07933944,3,2,0,2,0,0,0,0,0,0
31379,10007617,FLOR DE MARIA HURTADO VALDEZ,59,Femenino,PARTIDO DEMOCRATA VERDE,2895,ALCALDE PROVINCIAL,INSCRITO,LIMA,LIMA,https://mpesije.jne.gob.pe/apidocs/b74a32e4-2bef-4c47-95a9-52eddc89d1d3.jpg,https://www.revisatucandidato.pe/candidatos/flor-de-maria-hurtado-valdez-10007617,1,8,0,1,0,0,3,0,0,4
31380,10554756,CARLOS RICARDO BRUCE MONTES DE OCA,69,Masculino,PARTIDO DEMOCRATICO SOMOS PERU,14,ALCALDE PROVINCIAL,ADMITIDO,LIMA,LIMA,https://mpesije.jne.gob.pe/apidocs/9c9d7a69-fc01-422b-a678-815dccb04435.jpg,https://www.revisatucandidato.pe/candidatos/carlos-ricardo-bruce-montes-de-oca-10554756,3,7,0,0,1,0,5,0,0,5
31381,10317705,SANDRO CALLER GUTIERREZ,51,Masculino,PARTIDO PATRIOTICO DEL PERU,2869,ALCALDE PROVINCIAL,INSCRITO,LIMA,LIMA,https://mpesije.jne.gob.pe/apidocs/30b4a5e7-8117-48b1-b8be-5db43043ea6a.jpg,https://www.revisatucandidato.pe/candidatos/sandro-caller-gutierrez-10317705,3,1,0,16,1,0,8,2,0,5
31382,06778672,JESSICA VIVIANA LINARES ROMERO,55,Femenino,PARTIDO POLITICO INTEGRIDAD DEMOCRATICA,2985,ALCALDE PROVINCIAL,IMPROCEDENTE,LIMA,LIMA,https://mpesije.jne.gob.pe/apidocs/c56a91cd-4717-45be-9b50-b73a6b80c2ad.jpg,https://www.revisatucandidato.pe/candidatos/jessica-viviana-linares-romero-06778672,3,0,0,6,0,0,1,0,0,1
31383,06054290,LUIS ALBERTO HUETTE TOLENTINO,65,Masculino,PARTIDO POLITICO PUEBLO CONSCIENTE,3001,ALCALDE PROVINCIAL,INSCRITO,LIMA,LIMA,https://mpesije.jne.gob.pe/apidocs/fd742c9b-804d-4d51-9d16-9be8129fb678.jpg,https://www.revisatucandidato.pe/candidatos/luis-alberto-huette-tolentino-06054290,7,0,0,0,4,0,9,0,0,1
31384,09489571,EDGARDO RENAN DE POMAR VIZCARRA,64,Masculino,PARTIDO POPULAR CRISTIANO - PPC,2943,ALCALDE PROVINCIAL,INSCRITO,LIMA,LIMA,https://mpesije.jne.gob.pe/apidocs/29e41be9-7949-46cd-b46e-4d26df4891eb.jpg,https://www.revisatucandidato.pe/candidatos/edgardo-renan-de-pomar-vizcarra-09489571,3,4,0,5,0,0,7,0,0,1
31385,43863835,DANIEL BELIZARIO URRESTI ELERA,70,Masculino,PODEMOS PERU,2731,ALCALDE PROVINCIAL,ADMITIDO,LIMA,LIMA,https://mpesije.jne.gob.pe/apidocs/951267e7-6136-4061-ad75-d90d09ecb201.jpg,https://www.revisatucandidato.pe/candidatos/daniel-belizario-urresti-elera-43863835,2,4,0,0,0,0,4,0,1,2
31386,07943181,LUIS ISAEL RUBIO IDROGO,74,Masculino,RENOVACION POPULAR PERU,3040,ALCALDE PROVINCIAL,RENUNCIA,LIMA,LIMA,https://mpesije.jne.gob.pe/apidocs/94b21708-4e3f-4e7b-92b8-f6e249c43362.jpg,https://www.revisatucandidato.pe/candidatos/luis-isael-rubio-idrogo-07943181,6,0,0,0,2,0,42,0,0,4
31387,23885789,SANTIAGO ROSENDO ABARCA LEON,61,Masculino,VISION PERU,2988,ALCALDE PROVINCIAL,INSCRITO,LIMA,LIMA,https://mpesije.jne.gob.pe/apidocs/f86dee1b-6222-4690-9ec2-b6ec6e56d95b.jpg,https://www.revisatucandidato.pe/candidatos/santiago-rosendo-abarca-leon-23885789,6,0,0,1,0,0,7,1,0,1
